trecho_id,alimentador,chave_id,tipo,lat1,lon1,lat2,lon2
MT-001,AL-01,,tronco,-18.5,-46.5,-18.46406755300036,-46.48105475551392
MT-002,AL-01,,tronco,-18.46406755300036,-46.48105475551392,-18.45508444125045,-46.468740346597954
MT-003,AL-02,,tronco,-18.5,-46.5,-18.48203377650018,-46.45263688878479
MT-004,AL-02,,tronco,-18.48203377650018,-46.45263688878479,-18.5,-46.40527377756957
MT-005,AL-02,,tronco,-18.5,-46.40527377756957,-18.520661157024794,-46.35222709300853
MT-006,AL-03,,tronco,-18.5,-46.5,-18.51796622349982,-46.47158213327087
MT-007,AL-03,,tronco,-18.51796622349982,-46.47158213327087,-18.52515271289975,-46.44790057766326
MT-008,AL-03,,tronco,-18.52515271289975,-46.44790057766326,-18.53593244699964,-46.42895533317718
MT-009,AL-01,CH-101,ramal,-18.46406755300036,-46.48105475551392,-18.46272228459622,-46.4697033583734
MT-010,AL-01,CH-101,ramal,-18.46406755300036,-46.48105475551392,-18.453152725837906,-46.479521985947756
MT-011,AL-01,CH-101,ramal,-18.46406755300036,-46.48105475551392,-18.470228723223933,-46.47922829992631
MT-012,AL-01,CH-101,ramal,-18.445035387842307,-46.464891050376025,-18.445746307960533,-46.46327127388948
MT-013,AL-01,CH-101,ramal,-18.445035387842307,-46.464891050376025,-18.443871346192932,-46.46392232960818
MT-014,AL-01,CH-101,ramal,-18.448935533317457,-46.46313552276679,-18.448266923962844,-46.46420945140451
MT-015,AL-01,CH-101,ramal,-18.448935533317457,-46.46313552276679,-18.46272228459622,-46.4697033583734
MT-016,AL-01,CH-101,ramal,-18.445746307960533,-46.46327127388948,-18.448266923962844,-46.46420945140451
MT-017,AL-01,CH-101,ramal,-18.443871346192932,-46.46392232960818,-18.427758822265066,-46.483271449113296
MT-018,AL-01,CH-101,ramal,-18.426629703053408,-46.486317337597036,-18.42574046733609,-46.48637964140017
MT-019,AL-01,CH-101,ramal,-18.426629703053408,-46.486317337597036,-18.42750331629182,-46.48524231388024
MT-020,AL-01,CH-101,ramal,-18.429636268573667,-46.48675613261502,-18.429532930710472,-46.48710753441198
MT-021,AL-01,CH-101,ramal,-18.429636268573667,-46.48675613261502,-18.42750331629182,-46.48524231388024
MT-022,AL-01,CH-101,ramal,-18.427758822265066,-46.483271449113296,-18.428478011229235,-46.48411247507468
MT-023,AL-01,CH-101,ramal,-18.42750331629182,-46.48524231388024,-18.428478011229235,-46.48411247507468
MT-024,AL-01,CH-101,ramal,-18.48726728404122,-46.491664100185105,-18.489883045837203,-46.48041744423505
MT-025,AL-01,CH-101,ramal,-18.48726728404122,-46.491664100185105,-18.490259242645955,-46.492043190924036
MT-026,AL-01,CH-101,ramal,-18.48726728404122,-46.491664100185105,-18.486052783242407,-46.49138692916994
MT-027,AL-01,CH-101,ramal,-18.48507468063551,-46.47194903347908,-18.489883045837203,-46.48041744423505
MT-028,AL-01,CH-101,ramal,-18.49458846269239,-46.49884150494822,-18.490259242645955,-46.492043190924036
MT-029,AL-01,CH-101,ramal,-18.47720970461096,-46.488851673774526,-18.486052783242407,-46.49138692916994
MT-030,AL-01,CH-101,ramal,-18.47720970461096,-46.488851673774526,-18.470228723223933,-46.47922829992631
MT-031,AL-01,CH-102,ramal,-18.45508444125045,-46.468740346597954,-18.448850583660864,-46.46144110655723
MT-032,AL-01,CH-102,ramal,-18.44625274653159,-46.46107524693437,-18.446975831746844,-46.46024895487545
MT-033,AL-01,CH-102,ramal,-18.44625274653159,-46.46107524693437,-18.445161323754398,-46.45977139694652
MT-034,AL-01,CH-102,ramal,-18.448850583660864,-46.46144110655723,-18.44842977443734,-46.46090164996569
MT-035,AL-01,CH-102,ramal,-18.446975831746844,-46.46024895487545,-18.448083750656455,-46.45947923446183
MT-036,AL-01,CH-102,ramal,-18.44842977443734,-46.46090164996569,-18.448083750656455,-46.45947923446183
MT-037,AL-01,CH-102,ramal,-18.443969867439847,-46.461785863273256,-18.445161323754398,-46.45977139694652
MT-038,AL-01,CH-102,ramal,-18.445161323754398,-46.45977139694652,-18.41453378630407,-46.426925671653024
MT-039,AL-01,CH-102,ramal,-18.448083750656455,-46.45947923446183,-18.475277485867313,-46.437126805272
MT-040,AL-01,CH-102,ramal,-18.415251372220148,-46.42491547993962,-18.415132593963005,-46.425370545360614
MT-041,AL-01,CH-102,ramal,-18.415251372220148,-46.42491547993962,-18.415373052844895,-46.4247101784535
MT-042,AL-01,CH-102,ramal,-18.415132593963005,-46.425370545360614,-18.414199147031965,-46.426460252572205
MT-043,AL-01,CH-102,ramal,-18.414199147031965,-46.426460252572205,-18.41453378630407,-46.426925671653024
MT-044,AL-01,CH-102,ramal,-18.416730630562892,-46.424027557295545,-18.416498626091613,-46.423920482970345
MT-045,AL-01,CH-102,ramal,-18.41559250697646,-46.422087520570955,-18.416498626091613,-46.423920482970345
MT-046,AL-01,CH-102,ramal,-18.41399283874323,-46.42344147759127,-18.415373052844895,-46.4247101784535
MT-047,AL-01,CH-102,ramal,-18.415373052844895,-46.4247101784535,-18.416498626091613,-46.423920482970345
MT-048,AL-01,CH-102,ramal,-18.479444805286946,-46.436623020128366,-18.475277485867313,-46.437126805272
MT-049,AL-02,,ramal,-18.520661157024794,-46.35222709300853,-18.52268028038943,-46.350698673211596
MT-050,AL-02,,ramal,-18.520661157024794,-46.35222709300853,-18.516679559577337,-46.36100422349132
MT-051,AL-02,,ramal,-18.52320028678751,-46.34755163693648,-18.522544834221716,-46.34660365812017
MT-052,AL-02,,ramal,-18.52320028678751,-46.34755163693648,-18.523116547080573,-46.34853538136462
MT-053,AL-02,,ramal,-18.521322806342166,-46.34702500956946,-18.520697487245226,-46.34751209624812
MT-054,AL-02,,ramal,-18.521322806342166,-46.34702500956946,-18.522544834221716,-46.34660365812017
MT-055,AL-02,,ramal,-18.52290961182647,-46.34983869382349,-18.523862343546067,-46.34906616577986
MT-056,AL-02,,ramal,-18.52290961182647,-46.34983869382349,-18.52268028038943,-46.350698673211596
MT-057,AL-02,,ramal,-18.523862343546067,-46.34906616577986,-18.523116547080573,-46.34853538136462
MT-058,AL-02,,ramal,-18.508332016769828,-46.390297149444535,-18.509888982356117,-46.388027449831434
MT-059,AL-02,,ramal,-18.516679559577337,-46.36100422349132,-18.509888982356117,-46.388027449831434
MT-060,AL-02,CH-201,ramal,-18.48203377650018,-46.45263688878479,-18.470683444667195,-46.422333935829684
MT-061,AL-02,CH-201,ramal,-18.459347776370088,-46.38372733173834,-18.45805402665811,-46.38461241985485
MT-062,AL-02,CH-201,ramal,-18.459347776370088,-46.38372733173834,-18.460024426640953,-46.384559514382566
MT-063,AL-02,CH-201,ramal,-18.461626109613107,-46.3846177118175,-18.460024426640953,-46.384559514382566
MT-064,AL-02,CH-201,ramal,-18.461626109613107,-46.3846177118175,-18.462416448210426,-46.3859098319246
MT-065,AL-02,CH-201,ramal,-18.45813404056778,-46.38527569201376,-18.45805402665811,-46.38461241985485
MT-066,AL-02,CH-201,ramal,-18.45813404056778,-46.38527569201376,-18.458011960910458,-46.38826798946469
MT-067,AL-02,CH-201,ramal,-18.45805402665811,-46.38461241985485,-18.42868889595095,-46.360135289967644
MT-068,AL-02,CH-201,ramal,-18.462416448210426,-46.3859098319246,-18.461057599700254,-46.38697377752022
MT-069,AL-02,CH-201,ramal,-18.461057599700254,-46.38697377752022,-18.472329537494765,-46.40276192983449
MT-070,AL-02,CH-201,ramal,-18.428088488457284,-46.360447711401825,-18.42868889595095,-46.360135289967644
MT-071,AL-02,CH-201,ramal,-18.427444955325786,-46.358555353984755,-18.428038363737596,-46.35824814353581
MT-072,AL-02,CH-201,ramal,-18.427444955325786,-46.358555353984755,-18.426465967244017,-46.359079418597645
MT-073,AL-02,CH-201,ramal,-18.42751268289244,-46.35770639557875,-18.428038363737596,-46.35824814353581
MT-074,AL-02,CH-201,ramal,-18.428038363737596,-46.35824814353581,-18.42868889595095,-46.360135289967644
MT-075,AL-02,CH-201,ramal,-18.428038363737596,-46.35824814353581,-18.428944081347666,-46.356781949566646
MT-076,AL-02,CH-201,ramal,-18.4285485179396,-46.3562471488266,-18.428944081347666,-46.356781949566646
MT-077,AL-02,CH-201,ramal,-18.472329537494765,-46.40276192983449,-18.473003774250177,-46.40933388582164
MT-078,AL-02,CH-201,ramal,-18.473003774250177,-46.40933388582164,-18.495660647209856,-46.411745172348404
MT-079,AL-02,CH-201,ramal,-18.473003774250177,-46.40933388582164,-18.469474913070343,-46.41328151116846
MT-080,AL-02,CH-201,ramal,-18.469745421902218,-46.41624583936398,-18.470683444667195,-46.422333935829684
MT-081,AL-02,CH-201,ramal,-18.469745421902218,-46.41624583936398,-18.469474913070343,-46.41328151116846
MT-082,AL-03,CH-301,ramal,-18.52515271289975,-46.44790057766326,-18.53005616844945,-46.44579179693463
MT-083,AL-03,CH-301,ramal,-18.52515271289975,-46.44790057766326,-18.52230522028568,-46.46333084380462
MT-084,AL-03,CH-301,ramal,-18.52515271289975,-46.44790057766326,-18.49058667792304,-46.438967155438114
MT-085,AL-03,CH-301,ramal,-18.52931140410699,-46.443812908777694,-18.530142482565847,-46.44495634811851
MT-086,AL-03,CH-301,ramal,-18.533447129010906,-46.44189068171824,-18.532425226876445,-46.442140689704736
MT-087,AL-03,CH-301,ramal,-18.533447129010906,-46.44189068171824,-18.533602295918254,-46.44304354284602
MT-088,AL-03,CH-301,ramal,-18.533447129010906,-46.44189068171824,-18.539453953771684,-46.42378739781753
MT-089,AL-03,CH-301,ramal,-18.531660067711904,-46.44350109003839,-18.532425226876445,-46.442140689704736
MT-090,AL-03,CH-301,ramal,-18.531660067711904,-46.44350109003839,-18.532369136624776,-46.44433587649981
MT-091,AL-03,CH-301,ramal,-18.531660067711904,-46.44350109003839,-18.530142482565847,-46.44495634811851
MT-092,AL-03,CH-301,ramal,-18.530142482565847,-46.44495634811851,-18.53005616844945,-46.44579179693463
MT-093,AL-03,CH-301,ramal,-18.533779822542478,-46.44354268680817,-18.533602295918254,-46.44304354284602
MT-094,AL-03,CH-301,ramal,-18.499184039175116,-46.40998157969093,-18.50031277896791,-46.409529766504356
MT-095,AL-03,CH-301,ramal,-18.499184039175116,-46.40998157969093,-18.49962944597886,-46.41556283786378
MT-096,AL-03,CH-301,ramal,-18.52230522028568,-46.46333084380462,-18.510167346385618,-46.47569288314698
MT-097,AL-03,CH-301,ramal,-18.49058667792304,-46.438967155438114,-18.49962944597886,-46.41556283786378
MT-098,AL-03,CH-301,ramal,-18.496479934202263,-46.48629836291286,-18.510167346385618,-46.47569288314698
MT-099,AL-03,CH-302,ramal,-18.53593244699964,-46.42895533317718,-18.545828856911463,-46.41617723404229
MT-100,AL-03,CH-302,ramal,-18.55636384225511,-46.39718348273421,-18.55791945350913,-46.396126816585465
MT-101,AL-03,CH-302,ramal,-18.55636384225511,-46.39718348273421,-18.545828856911463,-46.41617723404229
MT-102,AL-03,CH-302,ramal,-18.55791945350913,-46.396126816585465,-18.558395260702163,-46.39567382210632
MT-103,AL-03,CH-302,ramal,-18.55995251721768,-46.397496709102036,-18.559666242423738,-46.39692840885459
MT-104,AL-03,CH-302,ramal,-18.560488329111106,-46.39517890430782,-18.558923816759506,-46.39471742081842
MT-105,AL-03,CH-302,ramal,-18.558923816759506,-46.39471742081842,-18.558395260702163,-46.39567382210632
MT-106,AL-03,CH-302,ramal,-18.559666242423738,-46.39692840885459,-18.558395260702163,-46.39567382210632
