trafo_id,lat,lon,chave_id,alimentador
TR-001,-18.445035387842307,-46.464891050376025,CH-101,AL-01
TR-002,-18.448935533317457,-46.46313552276679,CH-101,AL-01
TR-003,-18.44625274653159,-46.46107524693437,CH-102,AL-01
TR-004,-18.448850583660864,-46.46144110655723,CH-102,AL-01
TR-005,-18.445746307960533,-46.46327127388948,CH-101,AL-01
TR-006,-18.446975831746844,-46.46024895487545,CH-102,AL-01
TR-007,-18.44842977443734,-46.46090164996569,CH-102,AL-01
TR-008,-18.443969867439847,-46.461785863273256,CH-102,AL-01
TR-009,-18.445161323754398,-46.45977139694652,CH-102,AL-01
TR-010,-18.448266923962844,-46.46420945140451,CH-101,AL-01
TR-011,-18.443871346192932,-46.46392232960818,CH-101,AL-01
TR-012,-18.448083750656455,-46.45947923446183,CH-102,AL-01
TR-013,-18.426629703053408,-46.486317337597036,CH-101,AL-01
TR-014,-18.429636268573667,-46.48675613261502,CH-101,AL-01
TR-015,-18.42574046733609,-46.48637964140017,CH-101,AL-01
TR-016,-18.427758822265066,-46.483271449113296,CH-101,AL-01
TR-017,-18.429532930710472,-46.48710753441198,CH-101,AL-01
TR-018,-18.42750331629182,-46.48524231388024,CH-101,AL-01
TR-019,-18.428478011229235,-46.48411247507468,CH-101,AL-01
TR-020,-18.415251372220148,-46.42491547993962,CH-102,AL-01
TR-021,-18.415132593963005,-46.425370545360614,CH-102,AL-01
TR-022,-18.414199147031965,-46.426460252572205,CH-102,AL-01
TR-023,-18.416730630562892,-46.424027557295545,CH-102,AL-01
TR-024,-18.41453378630407,-46.426925671653024,CH-102,AL-01
TR-025,-18.41559250697646,-46.422087520570955,CH-102,AL-01
TR-026,-18.41399283874323,-46.42344147759127,CH-102,AL-01
TR-027,-18.415373052844895,-46.4247101784535,CH-102,AL-01
TR-028,-18.416498626091613,-46.423920482970345,CH-102,AL-01
TR-029,-18.459347776370088,-46.38372733173834,CH-201,AL-02
TR-030,-18.461626109613107,-46.3846177118175,CH-201,AL-02
TR-031,-18.45813404056778,-46.38527569201376,CH-201,AL-02
TR-032,-18.45805402665811,-46.38461241985485,CH-201,AL-02
TR-033,-18.460024426640953,-46.384559514382566,CH-201,AL-02
TR-034,-18.462416448210426,-46.3859098319246,CH-201,AL-02
TR-035,-18.461057599700254,-46.38697377752022,CH-201,AL-02
TR-036,-18.458011960910458,-46.38826798946469,CH-201,AL-02
TR-037,-18.428088488457284,-46.360447711401825,CH-201,AL-02
TR-038,-18.427444955325786,-46.358555353984755,CH-201,AL-02
TR-039,-18.42751268289244,-46.35770639557875,CH-201,AL-02
TR-040,-18.428038363737596,-46.35824814353581,CH-201,AL-02
TR-041,-18.426465967244017,-46.359079418597645,CH-201,AL-02
TR-042,-18.4285485179396,-46.3562471488266,CH-201,AL-02
TR-043,-18.42868889595095,-46.360135289967644,CH-201,AL-02
TR-044,-18.428944081347666,-46.356781949566646,CH-201,AL-02
TR-045,-18.52931140410699,-46.443812908777694,CH-301,AL-03
TR-046,-18.533447129010906,-46.44189068171824,CH-301,AL-03
TR-047,-18.531660067711904,-46.44350109003839,CH-301,AL-03
TR-048,-18.532425226876445,-46.442140689704736,CH-301,AL-03
TR-049,-18.532369136624776,-46.44433587649981,CH-301,AL-03
TR-050,-18.530142482565847,-46.44495634811851,CH-301,AL-03
TR-051,-18.533779822542478,-46.44354268680817,CH-301,AL-03
TR-052,-18.533602295918254,-46.44304354284602,CH-301,AL-03
TR-053,-18.53005616844945,-46.44579179693463,CH-301,AL-03
TR-054,-18.55636384225511,-46.39718348273421,CH-302,AL-03
TR-055,-18.55791945350913,-46.396126816585465,CH-302,AL-03
TR-056,-18.55995251721768,-46.397496709102036,CH-302,AL-03
TR-057,-18.560488329111106,-46.39517890430782,CH-302,AL-03
TR-058,-18.558923816759506,-46.39471742081842,CH-302,AL-03
TR-059,-18.559666242423738,-46.39692840885459,CH-302,AL-03
TR-060,-18.558395260702163,-46.39567382210632,CH-302,AL-03
TR-061,-18.52320028678751,-46.34755163693648,,AL-02
TR-062,-18.521322806342166,-46.34702500956946,,AL-02
TR-063,-18.520697487245226,-46.34751209624812,,AL-02
TR-064,-18.52290961182647,-46.34983869382349,,AL-02
TR-065,-18.523862343546067,-46.34906616577986,,AL-02
TR-066,-18.522544834221716,-46.34660365812017,,AL-02
TR-067,-18.52268028038943,-46.350698673211596,,AL-02
TR-068,-18.523116547080573,-46.34853538136462,,AL-02
TR-069,-18.479444805286946,-46.436623020128366,CH-102,AL-01
TR-070,-18.475277485867313,-46.437126805272,CH-102,AL-01
TR-071,-18.48726728404122,-46.491664100185105,CH-101,AL-01
TR-072,-18.472329537494765,-46.40276192983449,CH-201,AL-02
TR-073,-18.473003774250177,-46.40933388582164,CH-201,AL-02
TR-074,-18.499184039175116,-46.40998157969093,CH-301,AL-03
TR-075,-18.508332016769828,-46.390297149444535,,AL-02
TR-076,-18.539453953771684,-46.42378739781753,CH-301,AL-03
TR-077,-18.516679559577337,-46.36100422349132,,AL-02
TR-078,-18.469745421902218,-46.41624583936398,CH-201,AL-02
TR-079,-18.509888982356117,-46.388027449831434,,AL-02
TR-080,-18.50031277896791,-46.409529766504356,CH-301,AL-03
TR-081,-18.46272228459622,-46.4697033583734,CH-101,AL-01
TR-082,-18.48507468063551,-46.47194903347908,CH-101,AL-01
TR-083,-18.52230522028568,-46.46333084380462,CH-301,AL-03
TR-084,-18.489883045837203,-46.48041744423505,CH-101,AL-01
TR-085,-18.49458846269239,-46.49884150494822,CH-101,AL-01
TR-086,-18.453152725837906,-46.479521985947756,CH-101,AL-01
TR-087,-18.49058667792304,-46.438967155438114,CH-301,AL-03
TR-088,-18.495660647209856,-46.411745172348404,CH-201,AL-02
TR-089,-18.49962944597886,-46.41556283786378,CH-301,AL-03
TR-090,-18.545828856911463,-46.41617723404229,CH-302,AL-03
TR-091,-18.470683444667195,-46.422333935829684,CH-201,AL-02
TR-092,-18.490259242645955,-46.492043190924036,CH-101,AL-01
TR-093,-18.47720970461096,-46.488851673774526,CH-101,AL-01
TR-094,-18.496479934202263,-46.48629836291286,CH-301,AL-03
TR-095,-18.510167346385618,-46.47569288314698,CH-301,AL-03
TR-096,-18.486052783242407,-46.49138692916994,CH-101,AL-01
TR-097,-18.469474913070343,-46.41328151116846,CH-201,AL-02
TR-098,-18.470228723223933,-46.47922829992631,CH-101,AL-01
